id_resultado,id_evaluacion,id_competencia,nivel,puntaje,brecha
1,1,8,4,36.98,media
2,1,12,3,78.25,media
3,1,10,4,18.08,alta
4,2,6,2,66.07,media
5,2,10,2,57.78,baja
6,2,32,1,64.23,alta
7,2,27,1,16.76,sin_brecha
8,2,25,4,30.14,media
9,3,25,1,28.88,sin_brecha
10,3,16,4,67.85,alta
11,3,9,1,91.77,baja
12,3,5,4,61.05,baja
13,3,17,3,27.03,alta
14,3,14,3,65.43,sin_brecha
15,4,16,5,33.74,media
16,4,24,3,54.76,alta
17,4,22,1,1.2,alta
18,4,19,5,10.39,sin_brecha
19,4,25,3,21.94,baja
20,4,7,3,19.31,alta
21,5,6,1,70.81,alta
22,5,2,1,85.64,media
23,5,20,4,65.64,media
24,5,22,1,69.57,baja
25,5,27,3,46.7,alta
26,5,7,4,92.27,baja
27,5,30,4,69.22,baja
28,6,11,4,33.27,alta
29,6,5,3,95.56,baja
30,6,18,2,44.06,sin_brecha
31,6,4,2,61.03,media
32,6,25,4,10.84,sin_brecha
33,7,7,1,7.04,baja
34,7,29,4,1.88,sin_brecha
35,7,17,2,65.29,alta
36,7,3,1,66.46,baja
37,8,22,4,43.61,alta
38,8,26,5,22.58,sin_brecha
39,8,1,4,12.12,baja
40,8,32,3,68.18,sin_brecha
41,9,6,1,84.12,baja
42,9,24,2,17.66,alta
43,9,22,4,66.07,baja
44,10,7,4,73.53,media
45,10,21,1,19.31,media
46,10,23,4,38.88,baja
47,10,12,4,53.39,sin_brecha
48,10,16,1,3.7,alta
49,10,3,3,78.78,alta
50,11,8,4,94.01,media
51,11,7,5,23.3,alta
52,11,26,1,73.55,sin_brecha
53,11,21,1,47.12,alta
54,11,22,2,70.13,media
55,11,17,1,17.22,alta
56,12,7,4,59.5,media
57,12,30,1,80.45,sin_brecha
58,12,11,3,81.15,sin_brecha
59,12,5,3,12.08,media
60,12,8,3,83.64,media
61,13,12,1,27.39,sin_brecha
62,13,22,2,69.63,media
63,13,5,4,24.36,alta
64,14,7,4,8.07,alta
65,14,25,2,92.61,baja
66,14,11,4,69.35,sin_brecha
67,14,2,2,20.62,baja
68,15,29,5,18.0,sin_brecha
69,15,14,5,95.03,baja
70,15,8,3,41.88,media
71,15,6,2,11.75,alta
72,15,20,5,36.19,media
73,15,23,4,77.03,media
74,15,2,3,5.31,alta
75,16,31,1,5.4,baja
76,16,32,3,20.96,baja
77,16,12,3,61.68,sin_brecha
78,16,11,1,10.44,alta
79,17,12,1,89.51,sin_brecha
80,17,6,5,57.98,sin_brecha
81,17,26,2,74.71,baja
82,17,1,2,77.9,baja
83,17,16,2,9.81,sin_brecha
84,17,17,2,37.55,media
85,17,4,1,47.1,sin_brecha
86,18,28,5,45.5,sin_brecha
87,18,10,3,13.64,media
88,18,14,3,97.56,media
89,19,9,4,45.86,media
90,19,3,3,21.99,baja
91,19,4,5,15.68,media
92,19,18,5,97.01,media
93,19,8,1,41.17,sin_brecha
94,20,31,4,73.62,media
95,20,30,2,32.73,media
96,20,18,5,94.63,alta
97,20,1,4,98.02,alta
98,21,3,1,45.24,media
99,21,14,1,55.85,alta
100,21,17,4,94.99,media
101,21,13,3,29.58,alta
102,21,16,1,47.98,baja
103,21,26,2,70.33,alta
104,22,30,2,78.99,baja
105,22,25,4,70.39,alta
106,22,5,1,38.49,baja
107,22,28,5,3.27,sin_brecha
108,22,23,3,69.81,media
109,22,13,1,62.05,baja
110,23,24,4,36.56,alta
111,23,4,3,36.64,alta
112,23,8,5,70.93,media
113,24,22,5,87.11,media
114,24,16,2,32.05,baja
115,24,8,5,68.02,baja
116,24,31,1,6.34,baja
117,25,32,5,67.83,baja
118,25,17,4,62.1,alta
119,25,31,2,89.19,sin_brecha
120,25,27,1,8.02,media
121,25,4,3,95.83,alta
122,25,16,1,16.48,alta
123,26,32,3,41.65,media
124,26,10,4,34.67,sin_brecha
125,26,14,1,29.15,alta
126,26,2,1,87.18,media
127,27,22,3,48.61,sin_brecha
128,27,14,4,30.41,media
129,27,19,3,17.17,baja
130,27,11,2,48.42,baja
131,27,21,1,14.83,baja
132,27,28,4,95.62,media
133,27,26,5,28.52,media
134,28,11,3,57.45,sin_brecha
135,28,16,3,36.97,media
136,28,8,5,70.71,baja
137,28,3,3,14.79,sin_brecha
138,29,11,2,94.78,baja
139,29,18,2,0.43,baja
140,29,10,3,47.39,baja
141,29,4,5,66.69,sin_brecha
142,29,1,3,68.91,sin_brecha
143,29,13,1,13.94,alta
144,29,16,3,2.48,media
145,30,23,2,58.34,media
146,30,3,3,19.57,alta
147,30,11,5,84.95,alta
148,30,2,5,39.44,sin_brecha
149,30,20,3,60.32,alta
150,30,21,3,39.76,sin_brecha
151,31,25,3,30.81,sin_brecha
152,31,24,5,8.76,sin_brecha
153,31,1,4,80.37,baja
154,31,19,2,80.57,sin_brecha
155,31,23,4,13.96,alta
156,32,14,1,93.32,sin_brecha
157,32,20,1,0.66,baja
158,32,31,4,17.49,sin_brecha
159,32,22,5,75.52,media
160,33,12,1,82.28,baja
161,33,25,5,30.39,sin_brecha
162,33,19,2,2.68,alta
163,33,32,2,26.27,sin_brecha
164,34,19,4,90.68,media
165,34,27,1,11.94,baja
166,34,12,4,99.43,alta
167,35,24,4,97.43,alta
168,35,19,3,51.25,alta
169,35,16,3,16.28,alta
170,35,31,2,31.97,media
171,35,14,3,16.33,baja
172,35,9,3,41.95,baja
173,35,21,1,28.99,alta
174,36,13,2,54.37,baja
175,36,25,3,27.15,baja
176,36,21,1,53.44,baja
177,36,6,2,1.29,baja
178,36,31,3,77.88,sin_brecha
179,36,4,3,92.09,media
180,36,20,1,21.79,media
181,37,8,1,81.88,alta
182,37,27,4,34.82,baja
183,37,30,2,81.7,baja
184,37,5,2,70.99,alta
185,38,15,2,30.74,media
186,38,9,2,98.11,sin_brecha
187,38,10,1,7.77,sin_brecha
188,39,3,5,59.32,sin_brecha
189,39,7,1,90.85,alta
190,39,4,1,30.16,alta
191,39,2,1,78.24,media
192,39,26,5,90.12,media
193,39,22,3,2.93,media
194,40,23,5,76.32,media
195,40,11,2,96.43,media
196,40,16,5,0.43,alta
197,40,5,2,92.05,sin_brecha
198,40,7,3,69.81,media
199,41,7,2,51.43,sin_brecha
200,41,6,1,76.14,baja
201,41,27,1,46.59,media
202,41,12,4,76.23,baja
203,41,13,5,72.21,alta
204,41,14,3,49.37,sin_brecha
205,42,30,3,98.5,sin_brecha
206,42,20,2,85.68,sin_brecha
207,42,29,3,17.93,sin_brecha
208,42,15,1,39.64,alta
209,42,27,1,14.34,sin_brecha
210,43,7,2,33.86,sin_brecha
211,43,24,1,23.29,sin_brecha
212,43,30,4,27.85,baja
213,43,29,4,35.61,sin_brecha
214,43,6,4,51.14,media
215,43,3,4,10.8,baja
216,43,12,4,49.73,media
217,44,7,4,67.81,media
218,44,4,4,60.46,baja
219,44,5,2,30.28,alta
220,45,32,3,66.21,sin_brecha
221,45,30,5,26.17,baja
222,45,13,5,54.66,alta
223,46,8,4,45.97,alta
224,46,13,2,55.67,baja
225,46,15,2,49.15,media
226,46,11,3,71.57,sin_brecha
227,46,28,1,56.89,sin_brecha
228,46,31,5,68.54,sin_brecha
229,47,11,5,97.09,baja
230,47,17,3,32.05,alta
231,47,2,5,4.51,baja
232,47,13,3,80.96,alta
233,47,9,3,38.06,sin_brecha
234,47,16,3,99.19,sin_brecha
235,48,4,3,11.45,media
236,48,16,1,53.84,alta
237,48,20,4,65.78,sin_brecha
238,48,6,5,51.48,sin_brecha
239,48,5,3,2.04,sin_brecha
240,49,2,1,80.83,alta
241,49,11,2,33.6,baja
242,49,13,2,61.48,baja
243,49,19,4,20.18,alta
244,49,30,5,21.41,baja
245,49,31,1,29.73,sin_brecha
246,49,29,2,62.46,alta
247,50,7,5,47.53,media
248,50,19,3,79.57,baja
249,50,11,5,80.41,sin_brecha
250,50,9,5,31.34,sin_brecha
251,50,3,4,25.13,sin_brecha
252,50,31,5,18.06,alta
253,50,26,5,86.27,sin_brecha
254,51,30,5,20.06,sin_brecha
255,51,18,2,24.04,baja
256,51,28,4,41.03,alta
257,51,4,2,84.6,baja
258,52,11,2,19.19,media
259,52,17,3,46.42,sin_brecha
260,52,16,4,64.69,alta
261,52,26,2,15.94,media
262,52,8,1,25.84,baja
263,53,12,1,5.53,alta
264,53,21,3,60.16,alta
265,53,28,4,89.68,alta
266,53,2,4,94.32,media
267,53,24,2,11.19,alta
268,53,16,5,66.42,baja
269,53,26,4,88.46,media
270,54,8,4,80.58,media
271,54,25,4,21.8,alta
272,54,26,2,21.41,baja
273,54,11,4,40.84,alta
274,54,29,4,53.35,alta
275,54,27,3,54.57,sin_brecha
276,54,19,2,96.33,media
277,55,31,1,69.07,media
278,55,24,3,55.27,baja
279,55,20,3,90.32,alta
280,55,2,5,86.7,sin_brecha
281,55,3,4,0.79,sin_brecha
282,56,20,4,63.14,sin_brecha
283,56,6,1,27.4,alta
284,56,16,4,47.11,sin_brecha
285,56,14,3,71.74,alta
286,56,11,2,69.85,alta
287,57,27,2,63.02,media
288,57,21,1,40.07,baja
289,57,30,3,57.58,alta
290,57,2,2,24.96,media
291,57,4,5,68.58,baja
292,58,31,5,82.68,baja
293,58,28,2,8.44,baja
294,58,24,2,39.35,sin_brecha
295,58,5,5,22.45,alta
296,58,9,5,64.71,media
297,58,6,1,97.41,media
298,59,11,2,8.91,baja
299,59,4,2,94.72,alta
300,59,26,1,71.86,sin_brecha
301,59,28,4,82.73,sin_brecha
302,59,17,1,22.45,media
303,60,18,2,43.13,media
304,60,19,5,21.56,baja
305,60,32,2,41.83,sin_brecha
306,60,25,2,2.88,baja
307,61,29,1,1.03,media
308,61,16,3,97.44,sin_brecha
309,61,24,2,71.33,sin_brecha
310,61,30,5,25.62,alta
311,62,4,5,70.96,alta
312,62,2,1,25.37,sin_brecha
313,62,11,3,97.75,baja
314,62,8,2,96.81,alta
315,62,16,5,17.94,media
316,62,12,5,49.28,baja
317,62,20,4,13.19,baja
318,63,28,4,87.17,baja
319,63,5,3,92.62,baja
320,63,9,3,61.29,baja
321,63,4,5,31.3,media
322,63,11,3,73.69,sin_brecha
323,63,2,2,55.57,sin_brecha
324,63,31,1,18.89,alta
325,64,12,2,70.6,sin_brecha
326,64,3,1,99.52,sin_brecha
327,64,31,1,44.15,sin_brecha
328,64,17,4,49.3,media
329,65,23,3,18.07,media
330,65,6,5,82.26,media
331,65,14,5,99.8,alta
332,66,12,1,88.74,alta
333,66,14,3,68.13,alta
334,66,30,4,37.36,alta
335,66,3,3,15.38,alta
336,66,8,4,83.07,sin_brecha
337,66,25,4,62.84,baja
338,66,16,5,65.8,baja
339,67,29,2,86.33,baja
340,67,21,3,79.81,alta
341,67,9,5,95.19,sin_brecha
342,68,26,2,96.5,sin_brecha
343,68,17,1,2.05,media
344,68,12,2,38.85,sin_brecha
345,69,10,3,90.37,media
346,69,8,3,66.55,baja
347,69,20,5,19.99,sin_brecha
348,69,32,4,47.64,sin_brecha
349,69,28,1,75.65,baja
350,70,12,3,97.33,media
351,70,14,2,93.07,alta
352,70,21,3,46.82,alta
353,70,31,4,30.04,media
354,70,3,3,84.15,sin_brecha
355,70,2,3,56.85,alta
356,70,17,1,51.34,sin_brecha
357,71,7,3,35.55,alta
358,71,15,5,1.63,sin_brecha
359,71,22,2,78.62,sin_brecha
360,71,24,1,8.33,baja
361,71,19,3,58.72,sin_brecha
362,71,27,4,62.38,baja
363,72,12,4,53.44,alta
364,72,14,4,11.67,media
365,72,6,4,46.02,sin_brecha
366,72,17,5,72.59,baja
367,72,7,5,81.31,baja
368,73,20,1,81.6,media
369,73,3,1,20.92,media
370,73,5,2,43.58,media
371,73,30,1,30.09,sin_brecha
372,73,1,2,47.4,alta
373,73,7,1,16.61,media
374,74,32,2,20.13,sin_brecha
375,74,16,1,33.39,alta
376,74,1,4,97.95,sin_brecha
377,74,28,5,59.58,baja
378,74,15,1,48.75,sin_brecha
379,74,19,5,59.1,sin_brecha
380,75,4,5,6.35,sin_brecha
381,75,2,4,11.69,baja
382,75,28,4,69.75,alta
383,75,21,2,28.8,media
384,76,23,3,92.17,sin_brecha
385,76,15,2,88.32,sin_brecha
386,76,8,4,83.31,baja
387,76,17,4,79.98,media
388,76,30,5,20.72,alta
389,76,19,4,12.91,media
390,77,32,2,20.94,alta
391,77,7,1,35.88,baja
392,77,27,3,67.69,media
393,77,20,5,3.2,alta
394,78,28,3,78.49,alta
395,78,8,5,26.75,media
396,78,15,5,60.43,alta
397,78,32,1,92.66,sin_brecha
398,78,17,4,96.26,alta
399,79,7,1,87.09,baja
400,79,3,2,72.83,sin_brecha
401,79,11,5,49.84,alta
402,80,24,2,43.91,sin_brecha
403,80,22,1,24.53,sin_brecha
404,80,9,3,28.68,media
405,80,8,1,26.6,sin_brecha
406,81,16,4,41.34,sin_brecha
407,81,10,4,95.18,baja
408,81,27,1,44.26,alta
409,81,15,5,94.36,alta
410,81,9,3,31.48,media
411,82,4,2,90.25,alta
412,82,13,5,97.27,sin_brecha
413,82,25,4,88.58,baja
414,82,2,3,90.92,alta
415,82,22,3,90.02,media
416,82,21,4,44.62,media
417,83,29,4,77.54,baja
418,83,23,1,3.7,baja
419,83,12,4,72.51,media
420,83,32,5,99.19,baja
421,83,26,2,9.28,baja
422,83,28,5,34.07,media
423,83,21,1,2.79,baja
424,84,20,3,25.98,baja
425,84,28,1,4.77,alta
426,84,8,4,29.8,alta
427,84,4,4,33.9,media
428,85,15,5,67.24,sin_brecha
429,85,12,5,73.75,alta
430,85,10,3,51.65,media
431,85,30,3,45.43,media
432,85,22,4,82.84,alta
433,85,26,1,6.22,media
434,85,23,4,21.48,alta
435,86,26,4,73.17,sin_brecha
436,86,17,2,14.43,media
437,86,32,4,71.12,media
438,86,28,5,86.33,alta
439,86,29,2,45.54,alta
440,87,24,1,52.28,alta
441,87,8,3,30.49,baja
442,87,27,3,29.4,alta
443,87,19,2,14.21,sin_brecha
444,88,20,2,81.91,sin_brecha
445,88,19,1,12.23,baja
446,88,14,1,87.04,sin_brecha
447,89,20,4,47.52,media
448,89,19,2,50.48,sin_brecha
449,89,15,4,66.72,media
450,89,29,3,8.93,sin_brecha
451,89,11,4,23.28,sin_brecha
452,89,26,3,54.1,sin_brecha
453,90,6,5,8.52,alta
454,90,11,5,52.18,sin_brecha
455,90,2,5,89.69,alta
456,90,20,5,17.97,alta
457,90,8,3,78.68,media
458,91,29,5,4.5,alta
459,91,3,3,43.7,sin_brecha
460,91,26,1,85.96,baja
461,91,18,4,25.72,alta
462,91,20,1,54.18,baja
463,91,11,2,18.27,alta
464,91,13,2,30.68,sin_brecha
465,92,4,1,29.8,alta
466,92,21,3,14.25,baja
467,92,12,3,37.55,alta
468,92,2,1,20.26,media
469,93,25,4,55.31,alta
470,93,31,4,2.89,media
471,93,4,1,26.92,alta
472,93,9,2,76.3,media
473,93,2,3,56.82,sin_brecha
474,93,11,1,84.63,media
475,94,24,5,45.17,alta
476,94,11,4,96.11,baja
477,94,16,2,0.05,sin_brecha
478,94,28,3,59.79,sin_brecha
479,95,14,3,8.97,alta
480,95,19,2,72.51,baja
481,95,3,4,21.09,baja
482,95,11,3,63.52,sin_brecha
483,95,5,3,24.59,baja
484,96,14,1,60.88,alta
485,96,30,1,67.27,sin_brecha
486,96,22,5,89.53,sin_brecha
487,96,2,4,53.81,alta
488,96,9,5,3.09,sin_brecha
489,97,23,1,12.48,baja
490,97,25,2,44.46,media
491,97,12,1,75.84,baja
492,98,6,3,3.68,sin_brecha
493,98,20,5,20.91,media
494,98,15,4,11.09,baja
495,98,32,5,50.03,media
496,99,13,5,17.55,media
497,99,22,1,12.74,media
498,99,24,5,72.89,baja
499,99,19,2,84.77,alta
500,99,31,5,61.45,sin_brecha
501,99,28,1,93.79,alta
502,99,20,3,43.25,sin_brecha
503,100,8,2,4.7,sin_brecha
504,100,30,5,44.89,alta
505,100,32,4,19.46,alta
506,100,24,5,80.77,media
507,100,3,4,95.78,media
508,101,11,1,2.79,sin_brecha
509,101,22,1,59.25,baja
510,101,20,3,24.72,sin_brecha
511,101,5,2,95.88,alta
512,102,16,1,97.45,alta
513,102,5,4,31.33,alta
514,102,29,2,6.2,sin_brecha
515,102,7,1,30.15,sin_brecha
516,102,8,1,10.18,alta
517,103,4,4,23.31,alta
518,103,10,4,38.39,sin_brecha
519,103,28,5,61.92,baja
520,103,13,1,45.41,baja
521,103,29,5,19.25,alta
522,103,32,1,59.52,alta
523,103,20,5,78.94,media
524,104,9,5,44.46,media
525,104,21,2,79.7,alta
526,104,17,2,31.17,sin_brecha
527,104,32,5,95.97,baja
528,104,12,3,58.37,media
529,104,14,2,46.95,baja
530,104,16,3,36.88,alta
531,105,10,1,42.21,media
532,105,2,2,64.06,media
533,105,8,1,34.16,sin_brecha
534,105,17,4,59.98,baja
535,105,27,5,56.61,baja
536,105,28,5,29.96,baja
537,105,18,2,10.48,alta
538,106,15,2,46.65,media
539,106,30,2,48.07,baja
540,106,1,4,20.53,media
541,106,21,1,36.28,alta
542,106,8,3,3.0,alta
543,106,23,2,29.06,media
544,107,24,2,88.54,media
545,107,2,3,84.75,media
546,107,1,2,19.6,media
547,107,7,3,91.06,alta
548,107,29,2,37.89,alta
549,107,10,3,93.61,baja
550,107,6,4,24.01,baja
551,108,28,2,79.49,media
552,108,5,5,37.82,baja
553,108,8,3,59.95,media
554,108,10,1,76.31,media
555,109,19,3,87.29,sin_brecha
556,109,26,2,72.73,sin_brecha
557,109,5,5,6.49,sin_brecha
558,109,11,5,37.43,sin_brecha
559,109,8,2,32.18,baja
560,109,2,5,69.45,sin_brecha
561,109,21,4,26.83,sin_brecha
562,110,3,4,21.86,sin_brecha
563,110,7,4,57.14,baja
564,110,8,3,55.06,media
565,110,29,1,29.5,baja
566,110,31,2,58.4,sin_brecha
567,110,15,5,62.11,sin_brecha
568,110,30,4,46.76,sin_brecha
569,111,32,2,44.17,baja
570,111,21,1,35.91,alta
571,111,18,3,84.26,alta
572,111,25,3,92.66,alta
573,111,2,1,7.13,alta
574,112,13,3,19.06,media
575,112,11,5,91.24,alta
576,112,7,3,28.18,baja
577,112,22,4,94.58,alta
578,112,31,4,65.41,media
579,112,9,4,22.76,media
580,112,10,4,23.37,sin_brecha
581,113,22,4,77.01,sin_brecha
582,113,26,2,43.87,alta
583,113,3,3,13.9,media
584,113,11,3,94.34,alta
585,113,28,4,81.04,baja
586,113,7,3,22.55,sin_brecha
587,114,20,1,92.21,media
588,114,11,3,56.82,sin_brecha
589,114,19,4,20.42,sin_brecha
590,114,1,1,53.45,media
591,114,30,4,10.86,sin_brecha
592,114,26,3,9.32,alta
593,115,12,2,19.9,sin_brecha
594,115,2,3,20.59,baja
595,115,27,5,7.0,alta
596,115,23,3,51.85,media
597,115,20,3,85.97,sin_brecha
598,115,16,4,15.7,alta
599,115,1,2,53.65,sin_brecha
600,116,25,2,30.98,sin_brecha
601,116,14,2,60.37,baja
602,116,9,5,20.3,sin_brecha
603,117,13,4,60.48,media
604,117,1,5,32.89,sin_brecha
605,117,10,4,46.27,alta
606,117,29,1,28.79,sin_brecha
607,117,5,3,70.03,baja
608,118,12,4,45.78,media
609,118,14,5,9.55,alta
610,118,8,2,88.55,media
611,118,6,3,88.26,baja
612,118,20,1,69.8,media
613,118,24,4,41.13,alta
614,119,5,2,25.28,alta
615,119,7,4,2.67,sin_brecha
616,119,21,4,34.37,sin_brecha
617,119,27,2,39.67,alta
618,119,29,3,11.47,media
619,120,30,4,14.03,baja
620,120,32,2,17.06,alta
621,120,5,5,10.05,baja
622,120,6,1,53.47,sin_brecha
623,120,16,2,7.76,alta
624,121,10,1,89.27,media
625,121,29,4,69.67,alta
626,121,23,4,69.03,sin_brecha
627,121,12,1,59.82,alta
628,121,14,4,76.71,media
629,122,16,1,98.93,baja
630,122,13,2,68.0,alta
631,122,6,2,95.87,alta
632,122,2,2,72.4,alta
633,122,27,4,51.25,baja
634,123,13,2,21.38,baja
635,123,14,3,17.36,sin_brecha
636,123,26,3,1.2,media
637,123,28,4,22.01,baja
638,123,8,5,36.9,alta
639,124,27,5,79.13,media
640,124,20,3,95.9,baja
641,124,32,4,67.79,media
642,124,7,3,17.53,baja
643,125,5,4,51.1,media
644,125,11,5,58.75,alta
645,125,1,2,2.12,alta
646,125,20,3,23.64,sin_brecha
647,125,19,2,61.98,alta
648,125,15,2,37.45,baja
649,126,10,2,92.34,sin_brecha
650,126,25,3,13.43,baja
651,126,14,1,52.09,sin_brecha
652,126,3,3,75.06,media
653,127,22,5,87.27,baja
654,127,16,2,44.24,alta
655,127,14,1,86.99,alta
656,127,4,2,5.21,media
657,127,15,2,12.56,media
658,128,14,3,16.42,media
659,128,8,2,42.4,media
660,128,17,3,28.54,sin_brecha
661,128,3,2,27.19,sin_brecha
662,128,32,1,95.1,baja
663,128,24,4,37.77,sin_brecha
664,128,15,4,42.27,sin_brecha
665,129,31,1,75.89,baja
666,129,2,5,53.72,media
667,129,25,3,38.05,baja
668,129,28,4,28.32,sin_brecha
669,130,22,2,15.47,media
670,130,9,1,1.28,baja
671,130,31,4,40.46,sin_brecha
672,131,24,1,40.88,alta
673,131,13,1,38.48,media
674,131,16,2,76.3,baja
675,131,10,3,50.96,sin_brecha
676,131,21,3,69.65,sin_brecha
677,131,19,4,73.57,media
678,132,3,1,69.75,media
679,132,30,3,60.54,media
680,132,27,3,24.74,media
681,132,12,1,11.67,alta
682,132,21,4,39.77,alta
683,132,23,5,90.99,sin_brecha
684,133,28,5,30.8,sin_brecha
685,133,17,1,10.93,baja
686,133,20,2,26.9,media
687,133,25,4,69.9,alta
688,134,32,4,52.5,baja
689,134,1,4,17.06,baja
690,134,7,2,70.4,media
691,134,5,4,18.2,alta
692,135,14,2,25.94,sin_brecha
693,135,6,4,62.68,alta
694,135,7,2,7.98,alta
695,135,2,4,12.47,alta
696,135,24,3,2.97,media
697,135,31,4,48.52,alta
698,136,4,5,78.92,alta
699,136,18,1,21.11,alta
700,136,1,4,60.3,baja
701,137,31,3,68.19,baja
702,137,25,3,81.68,baja
703,137,11,4,37.84,alta
704,137,20,3,87.31,alta
705,137,14,1,45.69,sin_brecha
706,137,30,2,2.57,alta
707,138,18,4,61.84,sin_brecha
708,138,31,5,41.31,media
709,138,23,1,98.62,baja
710,138,25,1,63.38,alta
711,138,27,3,67.79,media
712,138,8,5,48.45,alta
713,138,12,3,42.79,sin_brecha
714,139,25,2,86.99,alta
715,139,19,2,49.79,alta
716,139,13,3,83.24,sin_brecha
717,140,29,2,21.16,alta
718,140,8,1,43.49,alta
719,140,31,2,92.9,baja
720,140,16,4,76.63,media
721,141,31,3,87.19,alta
722,141,8,3,37.7,sin_brecha
723,141,9,5,96.62,sin_brecha
724,141,32,2,22.36,alta
725,141,6,3,8.77,alta
726,142,13,4,57.69,alta
727,142,8,3,6.19,media
728,142,24,4,97.98,baja
729,142,9,3,79.75,media
730,142,21,5,66.37,media
731,143,26,3,14.47,baja
732,143,1,2,49.98,sin_brecha
733,143,30,2,60.15,media
734,144,21,3,99.68,sin_brecha
735,144,20,2,49.5,sin_brecha
736,144,8,1,98.11,baja
737,145,14,4,72.74,baja
738,145,15,2,99.11,sin_brecha
739,145,4,3,42.24,sin_brecha
740,145,12,3,75.77,sin_brecha
741,146,19,1,13.09,alta
742,146,13,3,45.75,media
743,146,26,5,13.76,sin_brecha
744,147,10,5,10.19,media
745,147,14,4,95.04,sin_brecha
746,147,13,2,92.6,alta
747,147,1,3,97.42,media
748,147,24,1,11.73,baja
749,148,28,1,24.09,sin_brecha
750,148,5,3,68.8,media
751,148,21,4,77.58,alta
752,148,24,4,86.49,sin_brecha
753,148,13,3,63.23,sin_brecha
754,148,8,3,1.16,alta
755,148,2,1,12.21,media
756,149,31,5,18.11,sin_brecha
757,149,18,4,29.84,media
758,149,7,1,32.52,media
759,150,2,5,48.86,alta
760,150,13,2,96.57,alta
761,150,18,2,86.2,media
762,150,27,1,55.47,baja
763,150,30,1,3.91,media
764,150,26,2,8.78,baja
765,151,6,3,96.63,media
766,151,8,4,97.71,alta
767,151,20,2,30.06,baja
768,152,29,3,60.62,media
769,152,5,1,66.26,alta
770,152,19,2,3.67,media
771,152,16,3,85.61,media
772,152,23,2,60.21,media
773,152,11,5,35.91,media
774,152,17,5,42.2,baja
775,153,25,3,67.65,media
776,153,11,5,20.38,baja
777,153,26,2,71.44,media
778,153,30,4,82.16,baja
779,153,6,4,37.89,media
780,154,18,1,32.94,alta
781,154,8,3,90.92,baja
782,154,27,2,86.89,media
783,155,1,2,52.65,baja
784,155,7,5,82.13,sin_brecha
785,155,25,1,52.9,baja
786,155,15,5,27.11,alta
787,155,8,1,17.07,sin_brecha
788,156,23,3,0.95,media
789,156,26,2,14.27,baja
790,156,31,1,91.84,baja
791,156,9,2,67.82,sin_brecha
792,157,12,3,27.58,sin_brecha
793,157,15,5,94.17,media
794,157,32,3,63.56,alta
795,157,26,3,40.65,baja
796,157,31,1,63.47,alta
797,157,17,2,94.49,media
798,158,4,1,96.22,sin_brecha
799,158,3,5,93.24,media
800,158,24,4,49.78,alta
801,158,10,4,1.39,media
802,158,18,1,71.42,baja
803,158,16,2,99.42,alta
804,158,26,5,44.87,media
805,159,15,3,95.25,sin_brecha
806,159,6,4,37.91,baja
807,159,3,1,33.8,media
808,159,12,5,85.08,alta
809,159,27,3,29.92,baja
810,159,5,3,21.31,sin_brecha
811,159,17,2,92.31,alta
812,160,32,3,29.84,alta
813,160,2,1,34.97,media
814,160,12,4,35.45,alta
815,160,1,4,49.2,alta
816,160,20,5,51.43,media
817,160,15,4,12.38,sin_brecha
818,161,10,4,39.54,baja
819,161,17,3,42.83,media
820,161,15,5,81.15,alta
821,162,29,1,35.92,media
822,162,6,1,18.96,alta
823,162,5,2,39.45,baja
824,162,12,1,16.03,media
825,162,24,4,95.97,baja
826,162,14,1,42.11,sin_brecha
827,163,21,1,95.77,alta
828,163,26,2,15.55,alta
829,163,25,2,5.2,baja
830,163,9,4,97.64,alta
831,164,31,4,24.77,media
832,164,10,5,18.69,baja
833,164,32,1,86.42,media
834,164,16,4,19.84,alta
835,164,3,5,61.11,media
836,164,25,5,62.89,media
837,165,8,3,99.04,media
838,165,9,4,1.77,media
839,165,26,1,86.44,sin_brecha
840,165,3,4,52.5,media
841,166,22,5,42.71,alta
842,166,28,3,11.01,baja
843,166,31,3,94.3,sin_brecha
844,166,4,2,31.98,alta
845,167,3,2,28.53,baja
846,167,1,5,10.08,media
847,167,4,3,94.83,baja
848,167,21,3,30.44,alta
849,168,9,3,74.29,baja
850,168,22,2,65.02,media
851,168,24,5,38.4,alta
852,169,8,1,7.49,baja
853,169,3,3,72.54,media
854,169,13,5,72.08,alta
855,169,29,2,19.17,baja
856,170,23,4,6.77,sin_brecha
857,170,29,5,93.13,alta
858,170,12,2,59.92,media
859,170,15,3,4.54,alta
860,170,21,2,74.07,sin_brecha
861,170,32,4,68.47,alta
862,170,4,2,43.77,sin_brecha
863,171,25,2,57.19,alta
864,171,13,5,45.54,baja
865,171,20,3,85.25,baja
866,171,9,3,55.22,media
867,171,7,2,4.56,media
868,171,6,3,3.91,media
869,171,1,3,92.72,baja
870,172,16,1,64.86,baja
871,172,14,3,8.32,baja
872,172,8,2,40.83,baja
873,173,4,2,25.6,alta
874,173,1,5,65.73,alta
875,173,23,4,94.57,baja
876,173,15,5,55.09,sin_brecha
877,173,18,2,32.43,media
878,174,26,3,14.83,sin_brecha
879,174,5,1,49.6,sin_brecha
880,174,15,2,81.56,media
881,174,8,2,56.97,media
882,174,24,3,2.1,media
883,174,28,2,81.75,media
884,174,14,1,14.35,sin_brecha
885,175,30,1,60.33,sin_brecha
886,175,26,4,2.07,alta
887,175,7,1,13.22,alta
888,175,9,3,14.26,alta
889,176,7,2,13.92,sin_brecha
890,176,22,2,30.74,sin_brecha
891,176,6,2,24.38,baja
892,177,8,1,51.15,sin_brecha
893,177,1,2,0.12,media
894,177,27,1,22.67,sin_brecha
895,177,2,2,35.33,baja
896,177,4,2,92.17,sin_brecha
897,177,18,1,49.18,alta
898,177,10,2,10.17,baja
899,178,5,1,60.45,media
900,178,22,4,53.05,media
901,178,8,4,15.02,baja
902,178,24,5,81.76,baja
903,178,6,1,27.11,sin_brecha
904,179,17,2,39.06,sin_brecha
905,179,5,1,11.32,sin_brecha
906,179,1,3,14.47,baja
907,179,10,2,18.19,sin_brecha
908,179,21,3,31.93,sin_brecha
909,180,27,2,38.32,sin_brecha
910,180,20,5,53.38,media
911,180,26,4,8.36,sin_brecha
912,180,21,5,57.79,media
913,180,11,1,23.52,alta
914,180,5,2,99.39,alta
915,181,31,3,84.88,media
916,181,9,3,46.04,sin_brecha
917,181,8,2,21.07,media
918,181,4,1,74.7,alta
919,181,23,2,37.75,alta
920,182,24,1,47.68,media
921,182,2,1,14.69,media
922,182,23,1,24.5,alta
923,182,4,5,83.11,sin_brecha
924,182,22,2,76.54,sin_brecha
925,182,19,2,74.81,baja
926,183,27,1,28.68,media
927,183,24,1,88.12,alta
928,183,11,5,75.11,media
929,183,15,1,39.64,sin_brecha
930,183,26,4,55.42,baja
931,183,21,5,50.19,media
932,184,11,2,40.04,alta
933,184,9,2,39.23,alta
934,184,3,4,47.74,sin_brecha
935,184,17,4,16.48,baja
936,184,13,4,19.47,alta
937,184,5,1,7.78,baja
938,185,16,5,10.65,media
939,185,19,5,1.1,baja
940,185,11,2,55.17,alta
941,186,18,1,4.8,alta
942,186,6,3,0.85,baja
943,186,3,3,95.87,media
944,186,31,3,75.18,baja
945,187,7,1,58.72,sin_brecha
946,187,22,4,58.64,alta
947,187,27,3,16.12,sin_brecha
948,187,10,1,88.52,alta
949,188,14,4,78.54,baja
950,188,10,3,36.03,sin_brecha
951,188,11,1,89.07,sin_brecha
952,188,22,2,20.88,alta
953,189,32,3,54.71,alta
954,189,7,4,9.41,baja
955,189,1,2,93.41,media
956,189,10,1,28.01,baja
957,190,6,4,97.85,sin_brecha
958,190,5,2,93.98,sin_brecha
959,190,12,1,36.35,baja
960,190,30,4,40.9,media
961,190,17,4,36.67,baja
962,191,6,5,97.74,alta
963,191,27,2,69.97,alta
964,191,29,2,85.31,baja
965,191,17,4,15.82,sin_brecha
966,191,3,1,22.31,sin_brecha
967,192,23,1,18.03,alta
968,192,30,4,76.82,media
969,192,7,4,32.87,baja
970,193,32,4,3.83,media
971,193,14,4,14.55,media
972,193,31,3,56.82,sin_brecha
973,193,8,1,93.65,baja
974,193,18,4,97.86,media
975,194,14,3,25.21,media
976,194,2,1,14.17,baja
977,194,28,4,8.17,sin_brecha
978,195,14,1,9.24,sin_brecha
979,195,22,3,96.34,baja
980,195,29,2,19.86,sin_brecha
981,195,9,4,47.55,media
982,195,6,4,35.47,sin_brecha
983,195,27,1,56.09,media
984,196,10,2,89.65,media
985,196,21,4,86.43,alta
986,196,1,4,26.28,alta
987,197,9,1,21.86,media
988,197,21,4,69.64,media
989,197,15,5,37.76,baja
990,197,31,2,95.24,alta
991,197,19,3,81.38,alta
992,197,4,3,89.67,alta
993,198,30,5,42.58,baja
994,198,14,1,92.63,sin_brecha
995,198,31,4,37.31,media
996,198,12,5,43.59,baja
997,198,29,4,63.41,alta
998,198,27,1,80.59,alta
999,199,2,4,74.99,alta
1000,199,27,4,50.34,alta
1001,199,7,3,85.17,media
1002,200,30,4,95.06,baja
1003,200,25,4,41.29,sin_brecha
1004,200,8,1,93.96,media
1005,200,13,5,28.36,baja
1006,201,27,2,79.05,baja
1007,201,16,3,17.04,sin_brecha
1008,201,1,2,55.57,sin_brecha
1009,201,3,2,61.63,sin_brecha
1010,201,2,1,80.13,sin_brecha
1011,202,25,5,15.84,media
1012,202,12,1,71.0,media
1013,202,26,5,11.84,sin_brecha
1014,202,21,3,83.73,media
1015,203,14,5,15.3,alta
1016,203,6,5,38.24,media
1017,203,2,4,63.45,baja
1018,203,28,2,23.97,media
1019,203,1,3,19.38,media
1020,204,17,1,63.84,alta
1021,204,22,1,45.91,alta
1022,204,2,1,14.18,baja
1023,204,9,2,9.28,sin_brecha
1024,204,3,3,91.27,media
1025,204,5,4,10.07,alta
1026,205,5,4,37.53,baja
1027,205,16,4,80.85,media
1028,205,21,3,1.01,media
1029,205,3,5,63.12,alta
1030,205,7,1,97.59,baja
1031,205,22,4,99.49,alta
1032,206,17,5,2.3,media
1033,206,8,2,86.69,alta
1034,206,13,2,2.95,media
1035,206,2,2,8.34,media
1036,207,18,5,65.19,sin_brecha
1037,207,31,4,43.61,sin_brecha
1038,207,13,2,25.01,media
1039,207,6,3,96.19,alta
1040,207,23,5,79.32,baja
1041,208,14,4,59.63,baja
1042,208,32,3,62.29,sin_brecha
1043,208,28,4,19.97,baja
1044,208,29,3,89.79,alta
1045,209,11,4,29.35,baja
1046,209,29,4,2.99,media
1047,209,2,3,42.94,media
1048,209,17,3,24.53,media
1049,209,9,3,37.2,baja
1050,209,19,1,0.96,alta
1051,210,14,4,28.36,media
1052,210,30,5,21.75,baja
1053,210,21,5,94.63,alta
1054,210,15,5,89.27,sin_brecha
1055,210,5,4,31.78,baja
1056,211,13,3,42.12,alta
1057,211,4,4,17.11,baja
1058,211,32,5,38.29,alta
1059,211,3,3,1.78,alta
1060,212,19,5,3.91,alta
1061,212,5,1,46.99,sin_brecha
1062,212,27,3,27.47,baja
1063,212,13,4,7.98,baja
1064,212,2,4,61.23,sin_brecha
1065,212,18,3,69.65,sin_brecha
1066,213,8,2,4.78,alta
1067,213,27,2,10.51,baja
1068,213,12,4,22.63,alta
1069,213,20,2,72.41,baja
1070,213,4,5,98.96,alta
1071,213,1,3,88.33,alta
1072,214,4,3,32.93,sin_brecha
1073,214,20,3,69.87,media
1074,214,5,5,46.07,media
1075,215,10,5,47.79,sin_brecha
1076,215,27,3,32.19,sin_brecha
1077,215,29,2,9.18,baja
1078,215,8,1,35.3,media
1079,215,16,2,69.5,alta
1080,216,4,4,18.79,alta
1081,216,7,3,20.87,baja
1082,216,1,3,70.85,media
1083,216,22,5,10.57,media
1084,216,31,2,91.67,sin_brecha
1085,216,15,4,86.79,media
1086,217,13,3,95.15,alta
1087,217,3,2,46.1,alta
1088,217,9,1,24.06,sin_brecha
1089,217,14,2,26.68,sin_brecha
1090,217,6,5,45.26,baja
1091,217,22,1,92.69,alta
1092,218,28,1,44.13,baja
1093,218,14,1,4.91,sin_brecha
1094,218,10,4,19.39,media
1095,218,26,4,17.66,baja
1096,218,22,5,60.74,sin_brecha
1097,219,4,2,11.52,alta
1098,219,16,5,26.62,alta
1099,219,8,5,10.1,media
1100,220,26,3,49.52,media
1101,220,13,2,34.76,baja
1102,220,31,5,28.8,alta
1103,220,4,1,18.51,sin_brecha
1104,220,8,3,85.26,media
1105,220,24,2,31.51,alta
1106,220,23,2,18.73,sin_brecha
1107,221,1,1,17.75,baja
1108,221,31,1,17.07,alta
1109,221,28,5,35.21,sin_brecha
1110,221,22,5,0.1,media
1111,222,8,3,83.54,media
1112,222,2,2,77.53,alta
1113,222,27,3,80.39,baja
1114,222,1,4,49.07,baja
1115,222,19,5,25.73,sin_brecha
1116,222,22,3,36.43,alta
1117,223,20,5,72.82,alta
1118,223,22,2,97.86,media
1119,223,31,2,35.72,alta
1120,223,8,2,57.76,sin_brecha
1121,223,18,3,20.63,alta
1122,224,25,5,17.5,baja
1123,224,7,3,39.1,sin_brecha
1124,224,18,3,30.93,alta
1125,224,29,5,52.01,baja
1126,225,8,3,28.84,alta
1127,225,14,4,92.72,media
1128,225,26,4,68.09,baja
1129,225,15,5,55.81,media
1130,225,19,3,48.68,alta
1131,225,30,3,1.56,alta
1132,225,27,2,28.3,alta
1133,226,32,4,35.23,alta
1134,226,20,1,25.14,baja
1135,226,1,3,78.53,media
1136,227,18,4,58.52,alta
1137,227,10,3,21.89,sin_brecha
1138,227,13,3,24.87,sin_brecha
1139,228,26,5,31.07,sin_brecha
1140,228,31,3,80.44,media
1141,228,29,2,25.0,sin_brecha
1142,228,4,5,19.95,baja
1143,228,9,1,29.73,sin_brecha
1144,228,10,5,18.34,sin_brecha
1145,229,9,5,93.49,baja
1146,229,29,4,35.42,sin_brecha
1147,229,21,4,96.14,sin_brecha
1148,230,2,2,61.52,baja
1149,230,27,2,58.03,baja
1150,230,6,2,62.09,baja
1151,231,26,4,80.75,sin_brecha
1152,231,9,1,8.47,baja
1153,231,1,1,33.35,alta
1154,232,31,5,14.42,sin_brecha
1155,232,22,2,22.35,media
1156,232,4,3,62.82,alta
1157,232,8,4,62.37,media
1158,232,14,1,6.71,media
1159,233,8,1,83.27,sin_brecha
1160,233,17,4,5.57,alta
1161,233,4,3,40.46,media
1162,233,32,2,84.17,baja
1163,233,7,5,68.13,alta
1164,233,30,4,14.62,alta
1165,233,16,2,14.17,media
1166,234,13,5,49.3,baja
1167,234,31,4,38.58,alta
1168,234,19,4,41.69,sin_brecha
1169,234,7,2,2.8,sin_brecha
1170,235,25,1,64.51,sin_brecha
1171,235,1,1,90.81,baja
1172,235,20,2,46.79,sin_brecha
1173,236,1,5,6.28,media
1174,236,11,3,65.59,baja
1175,236,23,4,71.52,media
1176,236,14,3,78.5,baja
1177,236,25,4,6.82,sin_brecha
1178,237,31,5,77.54,baja
1179,237,20,2,69.78,baja
1180,237,22,5,61.75,sin_brecha
1181,237,6,1,4.49,media
1182,237,19,2,9.65,alta
1183,237,23,4,93.42,sin_brecha
1184,238,15,4,92.24,alta
1185,238,16,5,25.05,alta
1186,238,7,1,44.15,baja
1187,238,12,5,63.13,alta
1188,238,25,2,32.12,sin_brecha
1189,239,9,3,49.11,baja
1190,239,21,2,20.12,media
1191,239,19,4,81.38,media
1192,239,18,1,58.21,alta
1193,239,7,2,3.32,media
1194,239,28,1,35.96,sin_brecha
1195,240,5,5,49.62,media
1196,240,11,5,82.76,baja
1197,240,6,3,61.85,media
1198,240,22,1,43.89,sin_brecha
1199,240,24,1,56.92,media
1200,240,28,5,29.82,alta
1201,240,21,4,23.06,baja
1202,241,15,4,70.33,alta
1203,241,19,2,96.81,alta
1204,241,17,5,57.54,baja
1205,242,4,4,93.69,baja
1206,242,18,1,3.23,sin_brecha
1207,242,23,3,20.05,alta
1208,242,29,2,20.42,baja
1209,242,32,1,23.56,alta
1210,242,19,5,90.43,alta
1211,243,5,3,72.33,alta
1212,243,27,1,49.66,media
1213,243,6,3,43.15,baja
1214,243,31,2,2.14,alta
1215,243,9,1,77.36,media
1216,244,25,1,38.71,sin_brecha
1217,244,22,2,42.97,sin_brecha
1218,244,31,5,13.78,sin_brecha
1219,244,24,1,89.71,baja
1220,244,1,3,19.36,sin_brecha
1221,244,18,1,23.82,alta
1222,244,16,5,1.0,sin_brecha
1223,245,3,1,5.67,sin_brecha
1224,245,26,2,28.26,baja
1225,245,1,3,60.24,media
1226,245,28,3,12.97,sin_brecha
1227,245,24,4,65.76,alta
1228,245,8,1,25.02,media
1229,245,2,4,70.53,baja
1230,246,29,2,52.68,baja
1231,246,20,3,69.78,alta
1232,246,24,1,34.66,sin_brecha
1233,246,19,5,48.62,alta
1234,247,9,1,37.24,media
1235,247,15,1,97.79,sin_brecha
1236,247,20,4,95.3,alta
1237,247,14,4,83.63,baja
1238,248,25,5,38.39,alta
1239,248,20,4,38.47,alta
1240,248,6,2,20.57,media
1241,248,4,4,53.25,baja
1242,248,18,1,54.15,baja
1243,249,22,1,34.09,sin_brecha
1244,249,17,4,78.26,alta
1245,249,14,1,55.33,baja
1246,250,30,3,16.25,sin_brecha
1247,250,14,4,74.56,media
1248,250,19,2,90.77,baja
1249,250,24,3,8.55,media
1250,250,32,5,29.58,sin_brecha
1251,250,25,1,61.55,baja
1252,250,17,3,65.92,alta
1253,251,20,2,44.38,alta
1254,251,21,4,0.89,alta
1255,251,17,3,48.02,media
1256,252,4,3,95.33,sin_brecha
1257,252,19,2,25.8,baja
1258,252,3,3,86.91,media
1259,252,9,2,63.03,media
1260,252,20,5,65.6,media
1261,252,18,1,65.46,media
1262,253,29,1,95.17,baja
1263,253,19,3,1.61,baja
1264,253,11,5,71.83,media
1265,253,2,3,10.92,sin_brecha
1266,253,18,1,51.1,media
1267,253,23,2,32.58,baja
1268,253,8,4,7.14,sin_brecha
1269,254,10,4,89.74,baja
1270,254,2,4,94.25,baja
1271,254,21,5,3.12,baja
1272,254,24,1,29.09,media
1273,254,22,5,2.55,media
1274,255,23,4,76.26,alta
1275,255,14,1,95.86,media
1276,255,25,5,50.35,sin_brecha
1277,255,3,5,73.3,alta
1278,255,10,5,47.23,sin_brecha
1279,256,18,2,79.9,baja
1280,256,13,2,45.58,alta
1281,256,19,2,44.5,sin_brecha
1282,256,16,3,7.97,alta
1283,256,22,3,65.33,media
1284,257,27,5,24.49,sin_brecha
1285,257,8,5,66.59,baja
1286,257,19,3,34.16,alta
1287,257,32,1,40.85,media
1288,257,29,5,49.42,media
1289,257,5,2,87.64,alta
1290,258,8,1,12.64,alta
1291,258,27,4,2.39,media
1292,258,17,1,13.24,sin_brecha
1293,258,31,4,35.44,sin_brecha
1294,259,16,5,60.88,alta
1295,259,23,1,7.38,baja
1296,259,10,4,91.07,sin_brecha
1297,259,4,4,28.93,sin_brecha
1298,259,11,2,73.34,alta
1299,259,27,2,89.56,baja
1300,259,28,4,37.94,sin_brecha
1301,260,18,4,34.11,sin_brecha
1302,260,7,3,32.28,baja
1303,260,15,2,95.35,alta
1304,260,20,2,43.05,baja
1305,261,21,3,48.66,media
1306,261,4,2,28.85,baja
1307,261,12,5,75.35,media
1308,261,10,3,14.1,media
1309,261,6,5,83.88,media
1310,261,31,1,59.84,alta
1311,261,29,5,53.79,media
1312,262,32,2,28.18,sin_brecha
1313,262,2,4,52.09,sin_brecha
1314,262,24,3,91.8,alta
1315,263,28,3,73.16,alta
1316,263,16,3,80.36,media
1317,263,9,1,32.71,baja
1318,263,3,3,45.35,alta
1319,263,32,3,89.23,alta
1320,263,5,4,10.04,baja
1321,264,3,5,37.62,media
1322,264,1,2,26.53,media
1323,264,16,4,81.39,sin_brecha
1324,264,9,3,13.18,alta
1325,265,14,2,71.0,alta
1326,265,1,4,68.8,sin_brecha
1327,265,32,5,23.47,baja
1328,265,3,4,53.05,media
1329,265,16,3,84.07,baja
1330,265,18,4,49.02,sin_brecha
1331,265,20,5,35.71,sin_brecha
1332,266,7,4,32.54,sin_brecha
1333,266,15,1,17.62,baja
1334,266,8,1,34.76,sin_brecha
1335,266,19,2,77.37,sin_brecha
1336,266,27,4,60.11,media
1337,267,19,4,6.08,baja
1338,267,18,3,67.5,sin_brecha
1339,267,14,4,80.9,sin_brecha
1340,268,17,2,33.98,alta
1341,268,30,3,44.76,media
1342,268,2,5,87.56,media
1343,268,9,1,94.79,baja
1344,268,16,2,60.5,alta
1345,268,24,1,80.24,alta
1346,269,23,5,19.84,media
1347,269,5,5,39.55,media
1348,269,4,3,80.13,baja
1349,269,14,3,41.34,media
1350,269,24,1,3.61,alta
1351,270,7,3,30.15,media
1352,270,17,2,3.38,alta
1353,270,13,4,65.53,media
1354,270,26,3,86.2,alta
1355,270,16,1,50.45,sin_brecha
1356,270,2,1,1.47,media
1357,270,6,1,73.59,sin_brecha
1358,271,20,3,27.4,media
1359,271,21,1,26.43,sin_brecha
1360,271,28,4,29.12,alta
1361,271,2,2,96.69,baja
1362,272,19,4,1.72,sin_brecha
1363,272,30,4,95.15,alta
1364,272,23,4,22.41,alta
1365,272,18,4,77.12,sin_brecha
1366,272,17,3,47.68,alta
1367,272,8,3,33.24,alta
1368,273,11,5,25.0,media
1369,273,14,4,61.65,sin_brecha
1370,273,32,5,72.3,media
1371,274,32,3,74.05,media
1372,274,17,1,32.14,sin_brecha
1373,274,27,1,26.81,media
1374,275,32,4,70.89,alta
1375,275,18,1,42.57,alta
1376,275,16,4,12.73,alta
1377,275,11,2,51.99,alta
1378,275,21,2,19.74,alta
1379,275,8,1,88.55,sin_brecha
1380,275,29,2,62.62,sin_brecha
1381,276,27,1,43.55,baja
1382,276,26,3,52.25,baja
1383,276,1,5,65.02,media
1384,276,19,3,52.33,media
1385,277,24,3,92.71,media
1386,277,17,2,52.44,sin_brecha
1387,277,20,1,31.77,media
1388,277,9,2,47.05,alta
1389,277,16,3,70.15,media
1390,277,15,1,53.77,baja
1391,277,7,1,6.11,sin_brecha
1392,278,11,1,92.79,baja
1393,278,3,3,82.08,sin_brecha
1394,278,12,5,72.93,baja
1395,278,21,5,76.7,baja
1396,278,18,5,54.1,media
1397,278,8,1,59.26,alta
1398,278,30,2,28.0,baja
1399,279,7,4,33.02,baja
1400,279,5,5,66.85,sin_brecha
1401,279,26,2,16.81,media
1402,279,17,2,9.13,media
1403,279,19,2,16.48,alta
1404,279,21,3,7.78,alta
1405,279,25,2,51.17,sin_brecha
1406,280,31,2,56.01,sin_brecha
1407,280,11,4,70.62,baja
1408,280,10,3,83.86,baja
1409,280,17,5,7.82,media
1410,280,25,2,94.55,baja
1411,280,4,2,83.99,sin_brecha
1412,281,17,3,17.8,baja
1413,281,22,4,77.07,baja
1414,281,4,4,21.38,media
1415,281,18,4,37.42,alta
1416,281,14,2,44.21,media
1417,281,21,1,58.62,baja
1418,282,24,5,27.3,baja
1419,282,17,4,39.83,baja
1420,282,1,3,62.53,alta
1421,283,30,5,80.74,alta
1422,283,16,3,2.88,media
1423,283,6,2,87.09,media
1424,283,31,1,41.96,alta
1425,283,24,1,44.34,alta
1426,283,21,3,9.75,baja
1427,284,2,5,72.21,baja
1428,284,22,5,1.42,sin_brecha
1429,284,21,4,83.77,alta
1430,284,11,1,19.29,media
1431,285,6,5,19.87,sin_brecha
1432,285,12,2,63.53,alta
1433,285,29,3,27.38,baja
1434,285,3,1,34.15,alta
1435,285,18,5,93.03,alta
1436,286,6,5,62.66,alta
1437,286,12,2,78.87,media
1438,286,21,3,46.03,media
1439,287,13,3,17.8,media
1440,287,9,5,31.55,media
1441,287,20,2,27.28,media
1442,287,4,2,97.93,baja
1443,287,25,4,26.45,sin_brecha
1444,288,24,5,38.57,media
1445,288,23,4,34.69,baja
1446,288,29,2,34.22,baja
1447,288,11,1,51.33,media
1448,288,3,3,21.83,baja
1449,289,8,2,46.72,baja
1450,289,12,3,56.38,alta
1451,289,31,3,70.13,baja
1452,290,11,3,33.67,alta
1453,290,27,2,91.31,baja
1454,290,31,2,46.68,media
1455,291,29,4,47.36,media
1456,291,30,3,72.34,baja
1457,291,28,4,67.86,baja
1458,292,15,4,77.41,sin_brecha
1459,292,7,5,2.86,media
1460,292,27,3,88.66,media
1461,293,9,3,79.29,media
1462,293,5,3,45.87,media
1463,293,22,4,0.08,media
1464,293,11,2,88.3,baja
1465,293,26,3,8.04,media
1466,293,2,2,43.65,media
1467,293,3,2,68.47,baja
1468,294,31,1,47.08,sin_brecha
1469,294,11,2,91.28,sin_brecha
1470,294,23,4,70.62,alta
1471,295,9,3,89.8,sin_brecha
1472,295,11,5,39.39,alta
1473,295,25,3,48.83,alta
1474,295,5,2,88.56,media
1475,295,13,2,36.91,baja
1476,295,30,5,82.32,sin_brecha
1477,296,15,2,4.42,baja
1478,296,9,4,9.29,sin_brecha
1479,296,32,2,42.57,baja
1480,297,25,2,16.35,alta
1481,297,31,4,80.62,baja
1482,297,3,1,65.59,sin_brecha
1483,297,17,1,16.09,media
1484,297,27,5,50.7,sin_brecha
1485,298,32,1,30.3,baja
1486,298,26,1,60.36,sin_brecha
1487,298,28,5,37.28,sin_brecha
1488,299,24,1,15.04,baja
1489,299,8,5,25.78,sin_brecha
1490,299,12,4,4.85,baja
1491,299,28,1,12.16,sin_brecha
1492,299,25,4,36.71,baja
1493,300,28,2,29.32,sin_brecha
1494,300,22,1,44.68,baja
1495,300,19,1,59.58,baja
1496,300,2,1,53.13,sin_brecha
1497,300,18,2,17.52,alta
